{"organisation":"5a531f99-68d9-4287-acd8-fd6f713def95","name":"bde21d46-968a-4bb7-bad7-cf39cba4b1a0","title":"Workflow result","legal":null,"referenceSystemIdentifier":"EPSG:4283","geoLevel":"NA","key":"unique_id","keyRegex":null,"availability":null,"geomField":"geometry","keyword":null,"theme":null,"temporalExtent":null,"type":null,"_id":null,"bbox":[115.449473,-32.801883,116.415125,-31.455129],"abstract":"","selectedAttributes":[{"name":"geometry","type":"com.vividsolutions.jts.geom.Polygon","title":"geometry","description":"geometry"},{"name":"geography_name","type":"java.lang.String","title":"geography_name","description":"geography_name"},{"name":"rai_cityadjusted_total_2019_q3","type":"java.lang.Double","title":"rai_cityadjusted_total_2019_q3","description":"rai_cityadjusted_total_2019_q3"},{"name":"unique_id","type":"java.lang.Long","title":"unique_id","description":"unique_id"},{"name":"rai_cityadjusted_total_2019_q2","type":"java.lang.Double","title":"rai_cityadjusted_total_2019_q2","description":"rai_cityadjusted_total_2019_q2"},{"name":"rai_cityadjusted_total_2020_q1","type":"java.lang.Double","title":"rai_cityadjusted_total_2020_q1","description":"rai_cityadjusted_total_2020_q1"},{"name":"rai_cityadjusted_total_2019_q4","type":"java.lang.Double","title":"rai_cityadjusted_total_2019_q4","description":"rai_cityadjusted_total_2019_q4"},{"name":"rai_cityadjusted_total_2020_q3","type":"java.lang.Double","title":"rai_cityadjusted_total_2020_q3","description":"rai_cityadjusted_total_2020_q3"},{"name":"rai_cityadjusted_total_2020_q2","type":"java.lang.Double","title":"rai_cityadjusted_total_2020_q2","description":"rai_cityadjusted_total_2020_q2"},{"name":"rai_cityadjusted_total_2021_q2","type":"java.lang.Double","title":"rai_cityadjusted_total_2021_q2","description":"rai_cityadjusted_total_2021_q2"},{"name":"rai_cityadjusted_total_2020_q4","type":"java.lang.Double","title":"rai_cityadjusted_total_2020_q4","description":"rai_cityadjusted_total_2020_q4"},{"name":"rai_cityadjusted_total_2021_q1","type":"java.lang.Double","title":"rai_cityadjusted_total_2021_q1","description":"rai_cityadjusted_total_2021_q1"},{"name":"city","type":"java.lang.String","title":"city","description":"city"}],"filter":{"spatial":{"bbox":[115.449473,-32.801883,116.415125,-31.455129]}}}