{"organisation":"5a531f99-68d9-4287-acd8-fd6f713def95","name":"380850aa-c63c-4e63-b8cf-b0a1aa61d745","title":"Workflow result","legal":null,"referenceSystemIdentifier":"EPSG:4283","geoLevel":"NA","key":"unique_id","keyRegex":null,"availability":null,"geomField":"geometry","keyword":null,"theme":null,"temporalExtent":null,"type":null,"_id":null,"bbox":[149.599583,-34.370827,151.601963,-32.996069],"abstract":"","selectedAttributes":[{"name":"geometry","type":"com.vividsolutions.jts.geom.MultiPolygon","title":"geometry","description":"geometry"},{"name":"geography_name","type":"java.lang.String","title":"geography_name","description":"geography_name"},{"name":"rai_cityadjusted_total_2019_q3","type":"java.lang.Double","title":"rai_cityadjusted_total_2019_q3","description":"rai_cityadjusted_total_2019_q3"},{"name":"unique_id","type":"java.lang.Long","title":"unique_id","description":"unique_id"},{"name":"rai_cityadjusted_total_2019_q2","type":"java.lang.Double","title":"rai_cityadjusted_total_2019_q2","description":"rai_cityadjusted_total_2019_q2"},{"name":"rai_cityadjusted_total_2020_q1","type":"java.lang.Double","title":"rai_cityadjusted_total_2020_q1","description":"rai_cityadjusted_total_2020_q1"},{"name":"rai_cityadjusted_total_2019_q4","type":"java.lang.Double","title":"rai_cityadjusted_total_2019_q4","description":"rai_cityadjusted_total_2019_q4"},{"name":"rai_cityadjusted_total_2020_q3","type":"java.lang.Double","title":"rai_cityadjusted_total_2020_q3","description":"rai_cityadjusted_total_2020_q3"},{"name":"rai_cityadjusted_total_2020_q2","type":"java.lang.Double","title":"rai_cityadjusted_total_2020_q2","description":"rai_cityadjusted_total_2020_q2"},{"name":"rai_cityadjusted_total_2021_q2","type":"java.lang.Double","title":"rai_cityadjusted_total_2021_q2","description":"rai_cityadjusted_total_2021_q2"},{"name":"rai_cityadjusted_total_2020_q4","type":"java.lang.Double","title":"rai_cityadjusted_total_2020_q4","description":"rai_cityadjusted_total_2020_q4"},{"name":"rai_cityadjusted_total_2021_q1","type":"java.lang.Double","title":"rai_cityadjusted_total_2021_q1","description":"rai_cityadjusted_total_2021_q1"},{"name":"city","type":"java.lang.String","title":"city","description":"city"}],"filter":{"spatial":{"bbox":[149.599583,-34.370827,151.601963,-32.996069]}}}