{"organisation":"AU_Govt_ABS_Census","name":"abs_2021census_g02_aust_sa3","title":"Selected Medians and Averages","legal":{"attribution":"{datasource.organisationTitle}, ({dataset.attributionYear}): {dataset.title}; accessed from SUDO on {dateOfAccess}.","attributionYear":"2022","clickthrough":false,"copyrightNotice":"&copy; Commonwealth of Australia (Australian Bureau of Statistics) {dataset.copyrightYear}","copyrightYear":"2022","licenceType":"Creative Commons Attribution 2.5 Australia (CC BY 2.5 AU)"},"referenceSystemIdentifier":"urn:x-ogc:def:crs:EPSG:4283","geoLevel":"sa3_2021","key":"sa3_code_2021","keyRegex":null,"availability":null,"geomField":"the_geom","keyword":"census,","theme":null,"temporalExtent":null,"type":"dataset","_id":null,"bbox":null,"abstract":"Selected Medians and Averages","selectedAttributes":[{"name":"sa3_code_2021","type":"String","title":"sa3_code_2021","description":"SA3","stype":"nominal","isDimension":false},{"name":"average_household_size","type":"Float","title":"Average_household_size","description":"Average household size","stype":"ratio","isDimension":false},{"name":"median_rent_weekly","type":"Integer","title":"Median_rent_weekly","description":"Median rent ($/weekly)","stype":"ratio","isDimension":false},{"name":"median_tot_hhd_inc_weekly","type":"Integer","title":"Median_total_household_income_weekly","description":"Median total household income ($/weekly)","stype":"ratio","isDimension":false},{"name":"feature_code","type":"java.lang.String","title":"Code of Geographic feature","stype":"Nominal","description":"","isDimension":false},{"name":"feature_name","type":"java.lang.String","title":"Name of Geographic feature","stype":"Nominal","description":"","isDimension":false},{"name":"the_geom","type":"com.vividsolutions.jts.geom.MultiPolygon","title":"Geometry","stype":"Nominal","description":"","isDimension":false}],"filter":null}