{"organisation":"SGSEP","name":"sgs_rai_index_gcc_total_2021","title":"SGSEP - Rental Affordability Index - All dwellings for Capital Cities (Polygon) Q1 2011-Q2 2021","legal":{"copyrightYear":"2022","attributionYear":"2022","attribution":"{datasource.organisationTitle}, ({dataset.attributionYear}): {dataset.title}; accessed from SUDO on {dateOfAccess}.","clickthrough":false,"licenceType":"Creative Commons Attribution-NonCommercial 2.0 Australia (CC BY-NC 2.0 AU)","copyrightNotice":"&copy; {datasource.organisationTitle} {dataset.copyrightYear}","suggestedCitation":"{datasource.organisationTitle}, ({dataset.attributionYear}): {dataset.title}; accessed from SUDO on {dateOfAccess}.","dataDisclaimer":"The RAI is calculated using data from the following data providers:\n<ul>\n<li>Access Canberra, ACT Government</li>\n<li>Australian Bureau of Statistics</li>\n<li>Department of Family and Community Services, NSW</li>\n<li>Department of Health and Human Services, Victoria</li>\n<li>Department of Justice, Tasmania</li>\n<li>Government of Western Australia, Department of\nCommunities, Western Australia </li>\n<li>Residential Tenancies Authority, Queensland.</li>\n</ul>"},"referenceSystemIdentifier":"urn:x-ogc:def:crs:EPSG:4283","geoLevel":"NA","key":"unique_id","keyRegex":null,"availability":"true","geomField":"geom","keyword":"ECONOMICS,Applied economics,Urban and regional economics ","theme":"housing,population","temporalExtent":{"beginDate":"2011-01-01T00:00:00","endDate":"2021-06-30T00:00:00","selectTime":false},"type":"dataset","_id":"dataset-SGSEP-sgs_rai_index_gcc_total_2021-NA","bbox":[112.92,-43.6,159.11,-9.14],"abstract":"This dataset presents the Rental Affordability Index (RAI) for all dwellings. The data uses different income values for each region within the Greater Capital Cities, and spans the quarters Q1 2011 to Q2 2021. The RAI covers all states with available data, the Northern Territory does not form part of this dataset.\n<br><br>\n\nNational Shelter, Bendigo Bank, The Brotherhood of St Laurence, and SGS Economics and Planning have released the Rental\nAffordability Index (RAI) on a biannual basis since 2015. Since 2019, the RAI has been released annually.\n<br><br>\n\nIt is generally accepted that if housing costs exceed 30% of a low-income household&#39s gross income, the household is experiencing housing stress (30/40 rule). That is, housing is unaffordable and housing costs consume a disproportionately high amount of household income. The RAI uses the 30 per cent of income rule. Rental affordability is calculated using the following equation, where 'qualifying income' refers to the household income required to pay rent where rent is equal to 30% of income: \n<br><br>\n\n<i>RAI = (Median Income &#8725 Qualifying Income) x 100</i>\n<br><br>\n\nIn the RAI, households who are paying 30% of income on rent have a score of 100, indicating that these households are at the critical threshold for housing stress. A score of 100 or less indicates that households would pay more than 30% of income to access a rental dwelling, meaning they are at risk of experiencing housing stress.\n<br><br>\n\nFor more information on the Rental Affordability Index please refer to <a href=https://www.sgsep.com.au/projects/rental-affordability-index target='_blank'>SGS Economics and Planning</a>.\n<br><br> The RAI is a price index for housing rental markets. It is a clear and concise indicator of rental affordability relative to household incomes, applied to geographic areas across Australia. \n<br><br> SUDO has spatially enabled the original data using geometries provided by SGS Economics and Planning. Values of 'NA' in the original data have been set to NULL.","selectedAttributes":[{"name":"unique_id","type":"Integer","title":"ObjectID","description":"unique_id","stype":"nominal","isDimension":false},{"name":"rai_cityadjusted_total_2021_q1","type":"Double","title":"Q1 2021 City Rental Affordability Index","description":"Quarter 1 2021 City Adjusted Rental Affordability Index for all dwellings.","stype":"ratio","isDimension":false},{"name":"rai_cityadjusted_total_2020_q4","type":"Double","title":"Q4 2020 City Rental Affordability Index","description":"Quarter 4 2020 City Adjusted Rental Affordability Index for all dwellings.","stype":"ratio","isDimension":false},{"name":"rai_cityadjusted_total_2020_q3","type":"Double","title":"Q3 2020 City Rental Affordability Index","description":"Quarter 3 2020 City Adjusted Rental Affordability Index for all dwellings.","stype":"ratio","isDimension":false},{"name":"rai_cityadjusted_total_2020_q2","type":"Double","title":"Q2 2020 City Rental Affordability Index","description":"Quarter 2 2020 City Adjusted Rental Affordability Index for all dwellings.","stype":"ratio","isDimension":false},{"name":"rai_cityadjusted_total_2020_q1","type":"Double","title":"Q1 2020 City Rental Affordability Index","description":"Quarter 1 2020 City Adjusted Rental Affordability Index for all dwellings.","stype":"ratio","isDimension":false},{"name":"rai_cityadjusted_total_2021_q2","type":"Double","title":"Q2 2021 City Rental Affordability Index","description":"Quarter 2 2021 City Adjusted Rental Affordability Index for all dwellings.","stype":"ratio","isDimension":false},{"name":"rai_cityadjusted_total_2019_q2","type":"Double","title":"Q2 2019 City Rental Affordability Index","description":"Quarter 2 2019 City Adjusted Rental Affordability Index for all dwellings.","stype":"ratio","isDimension":false},{"name":"rai_cityadjusted_total_2019_q3","type":"Double","title":"Q3 2019 City Rental Affordability Index","description":"Quarter 3 2019 City Adjusted Rental Affordability Index for all dwellings.","stype":"ratio","isDimension":false},{"name":"rai_cityadjusted_total_2019_q4","type":"Double","title":"Q4 2019 City Rental Affordability Index","description":"Quarter 4 2019 City Adjusted Rental Affordability Index for all dwellings.","stype":"ratio","isDimension":false},{"name":"geom","type":"Geometry","title":"Geometry","description":"geom","isDimension":false},{"name":"geography_name","type":"String","title":"Geography Name","description":"Geography name or code for the spatial unit being used.","stype":"nominal","isDimension":false},{"name":"city","type":"String","title":"City","description":"city","stype":"nominal","isDimension":false}],"filter":{"filterType":"tabular","spatial":{"bbox":[144.42152467498,-38.386826475115,145.52959609209,-37.282257219005]}}}